{"cameraMode":{"drawMode":0,"name":"Shaded","section":"Shading Mode"},"sceneLighting":true,"audioPlay":false,"sceneViewState":{"m_AlwaysRefresh":false,"showFog":true,"showSkybox":true,"showFlares":true,"showImageEffects":true,"showParticleSystems":true,"showVisualEffectGraphs":true,"m_FxEnabled":true},"in2DMode":false,"pivot":{"x":20.279172897338868,"y":-0.684093713760376,"z":21.37773323059082},"rotation":{"x":0.030037155374884607,"y":0.3741437792778015,"z":-0.012125707231462002,"w":0.9268048405647278},"size":26.971046447753908,"orthographic":false}